{
  "git_sha": "fc64addaa53bfd47e98bfb14db7c6ebea887a00f",
  "timestamp_utc": "2026-04-15T11:40:46.204805+00:00",
  "checkpoint": "ai/text_detector/checkpoints/transformer_v3_hard/phase1",
  "data_split": "datasets/processed/test.parquet",
  "data_split_sha256": "215ee1cecc8e412c24946ba04e842779f7bfa9acac9f4a88e24874cc67c4634d",
  "n_samples": 2000,
  "active_layers": [
    0,
    1,
    2
  ],
  "meta_classifier_loaded": false,
  "adversarial_layer_loaded": false,
  "device": "cpu",
  "metrics": {
    "f1": 0.9187432286023836,
    "precision": 0.9976470588235294,
    "recall": 0.8514056224899599,
    "confusion_matrix": [
      [
        1002,
        2
      ],
      [
        148,
        848
      ]
    ],
    "auroc": 0.997835965375446
  },
  "label_distribution": {
    "HUMAN": 975,
    "AI": 850,
    "UNCERTAIN": 175
  },
  "per_source_f1": {},
  "wallclock_seconds": {
    "load": 13.41,
    "analyze": 1820.09,
    "total": 1833.58
  }
}